Score	Tier	Provider	Question	Title	Core_Insight	File_Link	Size_KB
10	S	gemini	dx	1. Core Idea	Introduce a reified transaction trace that captures step-by-step database states and metadata throughout the pipeline, turning the black-box interpret function into an inspectable log.	file:///Users/alien/Projects/evo/research/proposals/2025-09-30-22-04/proposals/gemini-dx.md	7
9	S	grok	dx	Architectural Proposal: Enhancing Developer Experience with an Observable Kernel	Add an observable kernel layer with tracing and a REPL toolkit for simulations, visualizations, and augmented errors, enabled via dev-mode.	file:///Users/alien/Projects/evo/research/proposals/2025-09-30-22-04/proposals/grok-dx.md	8
9	S	gemini	pipeline	1. Core Idea	Refactor interpret to produce a transaction receipt with per-operation state snapshots, re-deriving indexes after each op for consistent validation.	file:///Users/alien/Projects/evo/research/proposals/2025-09-30-22-04/proposals/gemini-pipeline.md	6
9	S	gemini	indexes	1. Core Idea	Replace monolithic derive-indexes with a pluggable view engine using a dependency graph for modular, ordered computation of individual views.	file:///Users/alien/Projects/evo/research/proposals/2025-09-30-22-04/proposals/gemini-indexes.md	7
8	A	grok	indexes	Architectural Proposal: Modular Indexer Registry with Composable Views	Use a registry of independent indexers with explicit dependencies, topologically sorted for execution, allowing pluggable custom views.	file:///Users/alien/Projects/evo/research/proposals/2025-09-30-22-04/proposals/grok-indexes.md	7
8	A	grok	extensibility	Architectural Proposal: Interceptor Chain for Intent Compilation	Implement intent compilation as interceptor chains registered per type, threading a context for composable processing and sub-intent delegation.	file:///Users/alien/Projects/evo/research/proposals/2025-09-30-22-04/proposals/grok-extensibility.md	7
8	A	gemini	kernel	Proposal: Unify `create` and `place` into a single `graft` operation.	Unify create-node and place into a single graft op for atomic creation/placement, renaming place to move for semantic clarity.	file:///Users/alien/Projects/evo/research/proposals/2025-09-30-22-04/proposals/gemini-kernel.md	7
8	A	gemini	extensibility	Proposal: A Data-Driven, Interceptor-Based Effect System	Use a data-driven effect system with handlers that progressively lower high-level intents to kernel ops via a queue and registry.	file:///Users/alien/Projects/evo/research/proposals/2025-09-30-22-04/proposals/gemini-extensibility.md	7
7	A	grok	pipeline	Architectural Proposal: Railway-Oriented Pipeline with Contextual Tracing	Refactor to railway-oriented programming with composable phases returning Either-like results, enabling reordering and tracing.	file:///Users/alien/Projects/evo/research/proposals/2025-09-30-22-04/proposals/grok-pipeline.md	6
6	B	grok	kernel	1. Core Idea	Merge create/update into upsert, add prune for deletion, and fold roots into children-by-parent for uniformity.	file:///Users/alien/Projects/evo/research/proposals/2025-09-30-22-04/proposals/grok-kernel.md	7
